x,y,color,label
63.419183668639334,131.82419039120077,#1f77b4,a
49.42386890148408,115.73438391563144,#1f77b4,a
38.89624978086061,138.8038244490577,#1f77b4,a
35.138128760884655,133.9572906793196,#1f77b4,a
28.18317572355201,127.70891987252202,#1f77b4,a
41.6548880465763,128.66010680275514,#1f77b4,a
61.60494755369777,160.94059338604075,#1f77b4,a
57.5563191303281,127.44927334009378,#1f77b4,a
37.13049420340906,155.39402978716936,#1f77b4,a
49.01668349026936,156.37452505950108,#1f77b4,a
63.78212843279356,155.15553551917674,#1f77b4,a
67.03336819472285,158.79741888520908,#1f77b4,a
62.023311940303806,145.2161193719429,#1f77b4,a
55.562345256400576,184.68530988376756,#1f77b4,a
68.86587277532539,166.71569601953945,#1f77b4,a
36.48071619479468,166.13381551367695,#1f77b4,a
38.42488287798545,179.12462778140338,#1f77b4,a
36.653425245387304,202.22608380892916,#1f77b4,a
59.829643391170954,202.7335463658431,#1f77b4,a
45.7381466349878,191.64936715394725,#1f77b4,a
72.55425498939874,209.8450457874195,#1f77b4,a
74.85488199798385,210.4997731828596,#1f77b4,a
42.641744362172155,194.15470465230953,#1f77b4,a
59.00503497159029,208.34111324530153,#1f77b4,a
76.77907098589361,232.0388524126692,#1f77b4,a
57.16590498946896,224.8758818983473,#1f77b4,a
62.08071382115375,216.54138521187355,#1f77b4,a
69.92143927613785,235.77517758069445,#1f77b4,a
70.76735730411103,230.79514911043555,#1f77b4,a
72.81296847170857,252.8020253732999,#1f77b4,a
64.57924625999104,243.9138343404473,#1f77b4,a
69.93366048148147,250.6743978301037,#1f77b4,a
74.53112430879345,250.77275121510624,#1f77b4,a
67.90038382902128,253.83319686140348,#1f77b4,a
70.44346942996957,241.14454689540713,#1f77b4,a
64.66304441300286,240.04778141409565,#1f77b4,a
50.41461902411706,202.6192423373816,#1f77b4,a
55.64996710404058,200.95663818060558,#1f77b4,a
79.89201185945623,187.38378449218663,#1f77b4,a
57.63064190015018,186.5334734582048,#1f77b4,a
76.82360767552993,169.10096117290345,#1f77b4,a
59.655831733276415,202.08974079635607,#1f77b4,a
70.71560837553147,183.90991234561852,#1f77b4,a
63.7262704225201,175.23294692525548,#1f77b4,a
52.85916165933003,195.89974877670534,#1f77b4,a
48.22213415501343,166.3982872127404,#1f77b4,a
59.68506296772864,196.6932692063429,#1f77b4,a
76.43832647513642,177.1980543633258,#1f77b4,a
61.55624684022419,186.8699508828605,#1f77b4,a
75.00166483794936,195.02490403096505,#1f77b4,a
64.90410861774922,211.41115011632974,#1f77b4,a
71.86631054773437,195.5264760995118,#1f77b4,a
47.6584805452339,230.87621462342787,#1f77b4,a
84.77968641679915,241.67491698082034,#1f77b4,a
60.24535703801952,220.89349876365804,#1f77b4,a
80.82716416264799,251.55899424134824,#1f77b4,a
62.14613661258765,259.7200137017644,#1f77b4,a
62.2519970406989,248.25355133868578,#1f77b4,a
60.718098388296504,272.1688093802728,#1f77b4,a
76.85463319589456,272.1727012564369,#1f77b4,a
62.10945224807572,251.06605135596786,#1f77b4,a
68.10448327646553,265.4741726875053,#1f77b4,a
64.56780167740868,257.6833874705336,#1f77b4,a
59.332955258497435,262.06440314497684,#1f77b4,a
94.51719073887756,256.65349387972674,#1f77b4,a
85.96566408665474,266.91797773260896,#1f77b4,a
79.9857921241361,304.63423482095357,#1f77b4,a
69.60166402500566,298.7061094581423,#1f77b4,a
105.13788954885334,306.3640671022488,#1f77b4,a
96.59830377319116,314.1429027511994,#1f77b4,a
87.14102902186784,316.852181191246,#1f77b4,a
88.14435043881822,326.644017227544,#1f77b4,a
102.49520497078137,350.12108567872644,#1f77b4,a
107.96094799077483,349.2015988966032,#1f77b4,a
89.52153439420196,362.96632760787367,#1f77b4,a
89.34587308942011,346.2178693904516,#1f77b4,a
107.09383864679936,344.3044757740628,#1f77b4,a
92.97996526725255,361.5895143875596,#1f77b4,a
109.92216003214851,366.3904396551633,#1f77b4,a
103.22545332537396,347.682076559454,#1f77b4,a
112.50194120603337,358.6188965661959,#1f77b4,a
100.36257483682446,386.1057176812805,#1f77b4,a
96.20862484917214,380.2829881283558,#1f77b4,a
109.49014681920475,362.03077223041737,#1f77b4,a
114.88458587530808,388.7557759538728,#1f77b4,a
124.03184125119611,390.96483403460985,#1f77b4,a
111.67703278941887,390.36834655823066,#1f77b4,a
105.63966930944818,365.41166811025425,#1f77b4,a
109.16866953977275,361.3102421435798,#1f77b4,a
130.82039776184627,373.41887238960936,#1f77b4,a
100.54330735941646,364.94774314304397,#1f77b4,a
120.16871357679916,378.7273194421314,#1f77b4,a
105.38917191553912,394.50874261797355,#1f77b4,a
128.0021603484778,399.63712703711644,#1f77b4,a
135.09112066574264,375.4876034328216,#1f77b4,a
126.7019576746178,377.00430728011503,#1f77b4,a
118.73334478531986,395.8897940091365,#1f77b4,a
125.44339277256111,390.0438853094645,#1f77b4,a
110.82139672662773,397.21904160575855,#1f77b4,a
125.12348384530401,392.87662411142253,#1f77b4,a
123.49638505622767,384.70685208099803,#1f77b4,a
134.8593549533466,383.5658639305153,#1f77b4,a
105.1989959478959,397.2097272956995,#1f77b4,a
133.6279740036361,409.75469822922355,#1f77b4,a
138.31018954192285,383.1745165907682,#1f77b4,a
119.03895609742926,401.7106801565039,#1f77b4,a
120.3564525299446,400.6933460129202,#1f77b4,a
131.4527264233196,377.1422165304902,#1f77b4,a
137.79756296005917,402.26817846673123,#1f77b4,a
138.55631507653464,415.8367142060927,#1f77b4,a
142.0684438785475,395.63845902827717,#1f77b4,a
121.26785826754268,397.69900321760696,#1f77b4,a
125.33992310637454,405.89212312154143,#1f77b4,a
146.119797260392,383.65849411737173,#1f77b4,a
137.3113914236378,380.2493466473598,#1f77b4,a
158.70702909811004,399.5313449041544,#1f77b4,a
152.22183395000155,409.5261015680244,#1f77b4,a
156.092206982033,379.0807610732823,#1f77b4,a
152.31309107175292,398.03652207651913,#1f77b4,a
153.2168912485871,379.2573692440097,#1f77b4,a
162.6666372382677,378.8425623677531,#1f77b4,a
144.99288976789657,385.95952199576595,#1f77b4,a
166.081160612698,393.18996410128796,#1f77b4,a
151.11940695114606,394.7598830989797,#1f77b4,a
134.80153551108813,367.8683588560932,#1f77b4,a
145.25563504813775,354.90916032201295,#1f77b4,a
151.14489834599817,374.0344054557137,#1f77b4,a
166.046919639296,346.8558671975668,#1f77b4,a
137.694274684118,339.8878466375187,#1f77b4,a
154.9280795718233,352.3584732464369,#1f77b4,a
161.3190612160008,336.39257700536393,#1f77b4,a
143.78749890981015,345.09101615344184,#1f77b4,a
179.0175078635831,343.7206567648319,#1f77b4,a
177.17459950209164,333.1122433281463,#1f77b4,a
165.2564476807858,341.8126989055482,#1f77b4,a
179.96149161850272,349.1237472660184,#1f77b4,a
175.54434418163996,344.7378858551766,#1f77b4,a
156.95447750572743,340.41685843434897,#1f77b4,a
152.52491967751092,310.01471457283134,#1f77b4,a
171.16084884494944,327.5638003068335,#1f77b4,a
179.56644900123266,337.19905880664714,#1f77b4,a
173.27188732452922,309.72053274989014,#1f77b4,a
170.74242641361855,305.9986139861743,#1f77b4,a
149.2770475608485,324.9888084189236,#1f77b4,a
162.48615686175955,321.20674413377117,#1f77b4,a
145.61854362716667,317.3601643131134,#1f77b4,a
185.4052488144082,295.7576919598307,#1f77b4,a
181.7898909578184,302.45936133405553,#1f77b4,a
153.94965219429037,282.715578436305,#1f77b4,a
179.54150541213323,300.6677744705806,#1f77b4,a
148.24503059912405,311.04373649952294,#1f77b4,a
186.67994391471186,286.0362176489873,#1f77b4,a
152.28005532782564,280.1937806758151,#1f77b4,a
171.28640211376455,291.83846713166645,#1f77b4,a
180.06208339706032,273.29837656220934,#1f77b4,a
154.90302940242458,250.14780998288649,#1f77b4,a
167.24181418991796,243.84999876861588,#1f77b4,a
188.87469054936392,245.41147366694116,#1f77b4,a
192.83238769897338,249.84324011386184,#1f77b4,a
185.02524638375243,246.00721221453756,#1f77b4,a
183.55024245247006,233.33072835253455,#1f77b4,a
166.88278473935657,234.79349954402898,#1f77b4,a
190.3804873583498,247.23976761515743,#1f77b4,a
165.2509716580209,232.81074316702745,#1f77b4,a
197.21738588769583,214.57275315813916,#1f77b4,a
171.80748952044257,220.84097223426483,#1f77b4,a
194.05976331240714,226.11024815337936,#1f77b4,a
183.81698354508262,227.97218627573056,#1f77b4,a
169.15588955413463,219.67288357441123,#1f77b4,a
174.41957597119028,214.9625148924216,#1f77b4,a
203.22000370275686,215.31959746060897,#1f77b4,a
178.0636586836492,210.79161617200128,#1f77b4,a
167.29410102416136,214.07515257471596,#1f77b4,a
168.38653325150483,211.9715973245564,#1f77b4,a
172.51570567387745,200.63942438757073,#1f77b4,a
176.07631127687213,168.10545097589363,#1f77b4,a
186.1660300078801,178.26156139680432,#1f77b4,a
181.98663097323174,191.06407811760153,#1f77b4,a
191.00731581050957,190.20482050421248,#1f77b4,a
204.62137779821592,161.95387013117175,#1f77b4,a
204.05177977400677,151.9163134900848,#1f77b4,a
199.00403400782926,166.37731863380384,#1f77b4,a
206.5480949775974,149.55771972092424,#1f77b4,a
186.41838034216562,147.58095813755614,#1f77b4,a
201.16708937689495,170.92049508361328,#1f77b4,a
210.8669818017613,161.69801763216088,#1f77b4,a
213.77781721934525,147.4578060509682,#1f77b4,a
207.99796051843643,172.9006665326841,#1f77b4,a
205.28633636577013,164.48136925847678,#1f77b4,a
198.52379856321434,142.44764391716558,#1f77b4,a
225.72720433540567,146.38461595794996,#1f77b4,a
199.81880387152242,137.93965081416468,#1f77b4,a
219.90424033990132,149.05444551674555,#1f77b4,a
202.87351425918638,156.72166672843667,#1f77b4,a
196.75371555501596,139.6519907682108,#1f77b4,a
208.7479152561938,156.20931739510291,#1f77b4,a
201.54483891591673,128.19770180506885,#1f77b4,a
209.423274771333,147.31093116764106,#1f77b4,a
201.16373868231588,154.84845131062167,#1f77b4,a
202.4441027219956,135.4196815472265,#1f77b4,a
205.11273561515117,130.2230484589765,#1f77b4,a
200.43109568199327,146.54564576176483,#1f77b4,a
226.8221061938604,146.57245135281096,#1f77b4,a
212.04443383170357,146.46233168067357,#1f77b4,a
212.27062410289344,150.79161743645705,#1f77b4,a
201.57958341249966,125.662830544592,#1f77b4,a
222.47498403474034,129.34822664254034,#1f77b4,a
206.08323941385973,125.66161003559887,#1f77b4,a
203.71897135601372,158.21962378500814,#1f77b4,a
203.35836228563963,150.7417524017526,#1f77b4,a
218.4114134771258,124.34444564644389,#1f77b4,a
238.21808872479204,136.91966120907267,#1f77b4,a
212.50858870572608,127.1941623303598,#1f77b4,a
223.98644779678008,121.61521272160064,#1f77b4,a
226.52849739105528,154.14792609396642,#1f77b4,a
238.54564509422352,147.78888574792597,#1f77b4,a
214.16548819062723,128.58306203883666,#1f77b4,a
204.87485757095652,145.2004795865313,#1f77b4,a
206.79068183420566,153.26122260216687,#1f77b4,a
240.41224592444243,147.77348055634013,#1f77b4,a
227.109010770686,130.2715302666699,#1f77b4,a
228.6422878755246,117.0315236161133,#1f77b4,a
242.01212559883038,131.71879846633811,#1f77b4,a
227.76760922377056,124.8049181390183,#1f77b4,a
231.28586736509897,123.52502601365194,#1f77b4,a
251.81688852454656,140.6854565199621,#1f77b4,a
231.76672430764776,145.90505884481098,#1f77b4,a
259.76727505791087,139.82332302943001,#1f77b4,a
232.76138099897065,130.47996701538216,#1f77b4,a
225.1712940578733,118.27799768770683,#1f77b4,a
253.87144487609044,129.30829217827568,#1f77b4,a
256.7723369875006,123.56133291825563,#1f77b4,a
240.31150913616875,120.82335221410864,#1f77b4,a
262.83097901037286,133.1764683155564,#1f77b4,a
229.31657480494565,107.67340245597006,#1f77b4,a
248.98733003542299,123.85016771430645,#1f77b4,a
234.62997509190976,110.15436346598773,#1f77b4,a
254.6933557846601,121.13233567654038,#1f77b4,a
241.51583213822008,134.37551961016436,#1f77b4,a
273.6738574396456,147.32423995217226,#1f77b4,a
271.27371980743914,142.30826291462927,#1f77b4,a
242.94587464232117,117.42133142283546,#1f77b4,a
246.00811944720266,117.91102339181049,#1f77b4,a
254.3184284006009,128.0130336946512,#1f77b4,a
272.68153686434937,137.32779759248245,#1f77b4,a
265.40296592102084,140.94653731258427,#1f77b4,a
245.69795959172737,147.06034780780078,#1f77b4,a
276.68576643128006,138.43987496785434,#1f77b4,a
278.23306222155037,126.18791886455972,#1f77b4,a
259.4824915021016,113.71455624420332,#1f77b4,a
268.1983890237217,151.09070202560804,#1f77b4,a
268.6279424422948,149.97023886494281,#1f77b4,a
285.02167252806055,121.45694032445141,#1f77b4,a
250.83003439846144,156.18845420223028,#1f77b4,a
262.4132353693726,138.61859962514325,#1f77b4,a
251.9777959455369,153.19133163319077,#1f77b4,a
278.6333779344955,138.96131391964008,#1f77b4,a
252.83070264356147,156.12670564541946,#1f77b4,a
258.9063705893859,133.03280529598936,#1f77b4,a
286.87657509320144,142.49761415095452,#1f77b4,a
268.699038084122,149.59625845166613,#1f77b4,a
289.2672469378544,134.60930791433196,#1f77b4,a
280.28774463716115,164.38069462127964,#1f77b4,a
264.6541916553656,166.8474997430382,#1f77b4,a
288.04286031362636,165.3368946051586,#1f77b4,a
277.42734160352336,149.77613327681706,#1f77b4,a
274.11026457409656,172.66208124219855,#1f77b4,a
295.60474156597854,186.4973343222635,#1f77b4,a
296.01926719782296,178.6744286422101,#1f77b4,a
287.6835827554868,174.14871589203142,#1f77b4,a
264.54338917514536,180.4129532529231,#1f77b4,a
292.2847443535001,176.3891736413383,#1f77b4,a
288.43041743189895,170.96686533464828,#1f77b4,a
267.5119807763789,199.03443650281758,#1f77b4,a
274.69371802391476,200.13865243352166,#1f77b4,a
287.91442132882906,185.54031033057373,#1f77b4,a
296.629257260222,174.84076126470762,#1f77b4,a
288.0253531172225,178.40321255173734,#1f77b4,a
283.32162111897406,170.88185348796583,#1f77b4,a
289.31065188715985,184.4570108834847,#1f77b4,a
272.3655712011942,211.2485678759283,#1f77b4,a
272.85638569077724,183.02126740651107,#1f77b4,a
280.51960105308893,198.67476952216975,#1f77b4,a
302.23600175003486,213.02399648074083,#1f77b4,a
294.8588804441145,197.39574412788528,#1f77b4,a
280.12133645010147,204.80034616809104,#1f77b4,a
288.6382266798914,209.50490003965194,#1f77b4,a
276.2648135786891,196.60944499886705,#1f77b4,a
283.9337089318632,212.21976346921497,#1f77b4,a
297.6679884038301,207.0683246347014,#1f77b4,a
297.4179208834937,241.6134983339196,#1f77b4,a
308.82601396841994,245.82232474988265,#1f77b4,a
291.45333160468397,247.33289521110487,#1f77b4,a
300.8164272226771,237.53262205521634,#1f77b4,a
312.867153227964,247.36135323200688,#1f77b4,a
315.2817188450011,238.39091739262767,#1f77b4,a
285.36278425090927,217.14660631320618,#1f77b4,a
294.8947575070394,238.7143191361415,#1f77b4,a
298.73458230952934,254.74904218935518,#1f77b4,a
325.14991503084946,221.50829119390016,#1f77b4,a
316.89438186234946,257.3370289724918,#1f77b4,a
325.9434990776406,251.24790198277137,#1f77b4,a
329.6293053277166,239.46756328590124,#1f77b4,a
327.3672928459002,220.04698864339684,#1f77b4,a
304.08944129696886,231.8290372048213,#1f77b4,a
309.5393954377033,230.61656310785213,#1f77b4,a
319.3433444294631,254.1987489851036,#1f77b4,a
321.9361366790684,239.55179789674918,#1f77b4,a
314.01130473276555,246.17919872549055,#1f77b4,a
335.6126442583184,264.5909011974803,#1f77b4,a
310.9792790847334,248.2322435784344,#1f77b4,a
325.4093373108313,269.2818573376288,#1f77b4,a
326.9181185635882,246.78907687242594,#1f77b4,a
328.13185493008694,233.08745675305374,#1f77b4,a
352.8516208618279,238.11052610751722,#1f77b4,a
346.50137319540846,254.61759531745588,#1f77b4,a
356.90199617950583,253.30075412055544,#1f77b4,a
354.1913785491789,248.47221149827985,#1f77b4,a
365.5003495430308,267.82718004520694,#1f77b4,a
360.6850058788226,252.1328722040506,#1f77b4,a
354.35782579066245,278.70234928341574,#1f77b4,a
358.37641741755135,269.5494818050978,#1f77b4,a
347.64292048620536,283.20723775857607,#1f77b4,a
338.08697959516655,275.2557750778842,#1f77b4,a
337.48238649739,282.33778118786654,#1f77b4,a
348.0007646962168,299.9240973704815,#1f77b4,a
343.59192574974526,295.8589053562689,#1f77b4,a
348.2042513016612,289.5338806355905,#1f77b4,a
353.4495143657796,318.05144021728324,#1f77b4,a
376.3354121148411,296.70602588777456,#1f77b4,a
361.66032156016405,311.80209596031426,#1f77b4,a
383.83140632142636,319.42896197501665,#1f77b4,a
391.95285268075213,314.6671355798203,#1f77b4,a
379.2416101950104,321.718952541662,#1f77b4,a
391.88247037064053,318.89084863130205,#1f77b4,a
392.2135921962206,337.40644833662185,#1f77b4,a
387.1534708777012,313.75574527634285,#1f77b4,a
407.48362860597524,345.4790325765714,#1f77b4,a
376.4631210412085,312.1426433844279,#1f77b4,a
385.35912055465707,346.75380314234155,#1f77b4,a
393.63277878215007,341.009806879828,#1f77b4,a
408.6433748386349,320.9044751221348,#1f77b4,a
394.30253446740267,320.9423880807376,#1f77b4,a
396.31181884981316,331.3219044129073,#1f77b4,a
419.71730143443807,314.186717756043,#1f77b4,a
429.398455436229,331.3648378584636,#1f77b4,a
422.32956814621934,326.60939549385586,#1f77b4,a
440.5221389721437,317.5817016964198,#1f77b4,a
423.85732297122405,332.02266415845907,#1f77b4,a
422.98137233881994,316.13000657085195,#1f77b4,a
445.3667776669182,338.46387425429214,#1f77b4,a
431.21933680245854,321.24342583836255,#1f77b4,a
456.5308530657657,340.37423691645904,#1f77b4,a
452.110357271496,336.17331057425145,#1f77b4,a
482.99686280535616,349.51555601901237,#1f77b4,a
481.7600180100089,326.40253126505854,#1f77b4,a
487.902120474536,339.1777305158161,#1f77b4,a
464.49213659504994,328.53751671613077,#1f77b4,a
482.6446961494781,318.320192533826,#1f77b4,a
477.99372654006606,352.4830517281406,#1f77b4,a
471.2876255696925,322.8159858291482,#1f77b4,a
467.78822394409013,333.328816382368,#1f77b4,a
468.3485648490722,322.17768201295405,#1f77b4,a
500.1812564572551,325.4315054270394,#1f77b4,a
475.2272264087909,343.1140181564667,#1f77b4,a
501.95309331125924,364.6464243435099,#1f77b4,a
479.0766599020446,364.7131520785845,#1f77b4,a
489.89352342064404,350.3961269295704,#1f77b4,a
496.11059702076466,351.8061030289497,#1f77b4,a
512.8572397284839,361.1216528233034,#1f77b4,a
495.42809355769873,355.72459379215377,#1f77b4,a
508.5703982268084,352.5671626838598,#1f77b4,a
496.7214921917358,367.5719823522185,#1f77b4,a
512.0460147374569,379.6770275366369,#1f77b4,a
518.884090245745,352.7808071683309,#1f77b4,a
535.8738378843778,351.8411141701364,#1f77b4,a
525.7153410802038,376.9865063222364,#1f77b4,a
540.9022171696506,350.7075809206547,#1f77b4,a
544.5422303725633,357.86052663309096,#1f77b4,a
512.0334896662085,342.6287378911618,#1f77b4,a
533.6760297196616,352.72379285593234,#1f77b4,a
522.3254614030263,341.7701985541403,#1f77b4,a
542.8614895581655,361.979524449709,#1f77b4,a
534.058222357917,358.90893448827524,#1f77b4,a
551.7860889473644,364.10185058722516,#1f77b4,a
541.2517521330558,371.54056338188576,#1f77b4,a
540.9213609335973,352.95807514325674,#1f77b4,a
527.5107443687375,359.7776601014043,#1f77b4,a
568.2270630040634,336.8332909610645,#1f77b4,a
574.1443861711335,349.1789781981363,#1f77b4,a
583.3149647713649,362.47190511431074,#1f77b4,a
578.7743830478917,352.12844795820797,#1f77b4,a
572.4382625013184,355.9840168631579,#1f77b4,a
597.3547050586893,339.5090775657849,#1f77b4,a
594.911387045502,339.8595099149335,#1f77b4,a
600.5060121039039,334.16021825867085,#1f77b4,a
590.2265033011524,337.156265709021,#1f77b4,a
604.408349347002,343.50973529269356,#1f77b4,a
583.8746906155623,316.61580536481705,#1f77b4,a
614.9334673680311,346.26163194391927,#1f77b4,a
617.2827461061282,346.2844754031365,#1f77b4,a
610.8246819359616,330.08211890342807,#1f77b4,a
628.1233484173538,324.76833473922784,#1f77b4,a
612.1487992525604,338.21385730426937,#1f77b4,a
621.7815316750566,336.81220815027325,#1f77b4,a
639.9047485032451,318.028781287348,#1f77b4,a
627.7531480160427,303.89494333989717,#1f77b4,a
606.4294810808989,323.3119242679669,#1f77b4,a
630.4919072651277,312.0190664914712,#1f77b4,a
611.849465220853,333.1090618267352,#1f77b4,a
616.5446678245526,325.77037717305427,#1f77b4,a
636.524963600259,326.63790289705815,#1f77b4,a
633.5693825425111,334.5433083205419,#1f77b4,a
638.2175746795374,304.3258271960785,#1f77b4,a
624.2709148162513,322.4474343888204,#1f77b4,a
641.5180475779537,305.6967749863362,#1f77b4,a
642.8738348773788,308.63954491244573,#1f77b4,a
656.7458736808319,307.67114260463677,#1f77b4,a
644.3972513915464,296.2148058803403,#1f77b4,a
623.7136647729352,307.1739269764614,#1f77b4,a
651.2681153980469,325.3008685831883,#1f77b4,a
626.846211310353,319.74892938644166,#1f77b4,a
653.1967018516634,315.19331290814864,#1f77b4,a
640.7576636751022,318.94500168108175,#1f77b4,a
664.9352789872595,281.34310766000806,#1f77b4,a
638.030931319717,315.6320177673552,#1f77b4,a
633.3884847581966,292.31474236389215,#1f77b4,a
662.1481770070512,300.9512730219966,#1f77b4,a
663.9884340579861,273.74024873796895,#1f77b4,a
670.6482504744837,289.5783704243371,#1f77b4,a
670.097861345409,287.0766914642106,#1f77b4,a
670.6206274920482,297.16155017589546,#1f77b4,a
669.8144085640981,298.8930842824361,#1f77b4,a
647.4150490938151,294.08193371100947,#1f77b4,a
647.0782638770557,284.8819893448466,#1f77b4,a
665.4002764692549,266.79656110868416,#1f77b4,a
660.9635999854797,246.0145185692874,#1f77b4,a
655.8950513475372,257.1116562130867,#1f77b4,a
672.4995356349326,253.49334556925288,#1f77b4,a
696.3888936887703,255.58895007191902,#1f77b4,a
707.3615078901794,235.27127493739903,#1f77b4,a
686.0832844198493,227.26226687938487,#1f77b4,a
684.1824411783067,226.77186879977415,#1f77b4,a
694.2822436861588,238.5475227135492,#1f77b4,a
706.6235787733655,218.3078129834476,#1f77b4,a
717.548924428457,234.74016516322712,#1f77b4,a
688.2414590771409,205.1420626053839,#1f77b4,a
720.3991749590754,213.33964424411653,#1f77b4,a
691.6849025338266,214.45760600421676,#1f77b4,a
707.1959397353311,210.78923078112075,#1f77b4,a
690.1667736335247,195.63939441503226,#1f77b4,a
720.75339579171,192.58245757202582,#1f77b4,a
710.6992967135976,197.53896870484323,#1f77b4,a
720.9705514725025,191.18496720172277,#1f77b4,a
701.6955148293786,202.59044715287013,#1f77b4,a
719.8541170171721,176.62914159097016,#1f77b4,a
732.372070999034,180.10024451125662,#1f77b4,a
709.1779663414693,194.27233695931034,#1f77b4,a
709.4970394378721,174.75032953411295,#1f77b4,a
699.4561836484031,156.41820895126358,#1f77b4,a
702.4811348782384,153.39264633301644,#1f77b4,a
730.2438495048492,182.41737881316612,#1f77b4,a
720.1352902273327,179.3208412428624,#1f77b4,a
704.1397663486227,165.29624209279592,#1f77b4,a
721.4167635088899,146.67926114188543,#1f77b4,a
720.1313037148992,152.15646606710447,#1f77b4,a
733.8746702142901,162.23478735053345,#1f77b4,a
718.0472404447678,141.02727760336893,#1f77b4,a
743.8762692638475,168.22057713183182,#1f77b4,a
727.2420400674803,135.57989906425956,#1f77b4,a
737.9110192781277,155.70385668948586,#1f77b4,a
735.3174340854431,147.27426052440057,#1f77b4,a
724.014322798739,140.6523698982266,#1f77b4,a
724.813278341239,160.77021205306113,#1f77b4,a
721.6296292598316,148.566082858992,#1f77b4,a
741.1011024806585,131.88808637028387,#1f77b4,a
743.2624578689959,154.56282830971907,#1f77b4,a
734.9585708792175,157.47739672741926,#1f77b4,a
737.2487762868761,124.61917768253909,#1f77b4,a
740.3479834436962,149.8644363478371,#1f77b4,a
741.8726007355756,149.8402101823948,#1f77b4,a
746.0728981840448,120.10198394409099,#1f77b4,a
743.2276710599048,130.96952889234103,#1f77b4,a
747.7137632546612,113.74069786636676,#1f77b4,a
721.3598940447798,137.31373843587795,#1f77b4,a
747.8648678998474,134.34769956289944,#1f77b4,a
723.9802004068641,131.2284885079418,#1f77b4,a
747.2397651032969,113.83893195522711,#1f77b4,a
747.982444484077,131.38887707202656,#1f77b4,a
743.8192733369086,90.91990891597112,#1f77b4,a
733.1249786567932,110.4457622563175,#1f77b4,a
764.3809045593554,123.43228165151885,#1f77b4,a
764.7563225672311,103.39275506477566,#1f77b4,a
737.7715221895206,110.41398371165792,#1f77b4,a
752.0436577539838,114.72208395806064,#1f77b4,a
731.5407915562113,85.01016016119189,#1f77b4,a
765.3559149030414,97.88891380464071,#1f77b4,a
740.57870411009,83.72787303480595,#1f77b4,a
746.5365572957481,105.60151115385855,#1f77b4,a
745.6273024665311,103.16279440447329,#1f77b4,a
761.6426274069572,65.20172362287656,#1f77b4,a
758.894652670752,82.85504043579738,#1f77b4,a
747.2025711731932,61.77408513560732,#1f77b4,a
755.489522019107,95.1441624147883,#1f77b4,a
758.3737870944948,63.65846218006203,#1f77b4,a
734.0489184394784,69.65706061403745,#1f77b4,a
22.68016777076175,246.6294597167641,#1f77b4,a
16.652902696232655,227.98768046179265,#1f77b4,a
19.272584519254693,245.6788855694228,#1f77b4,a
40.85672944255986,261.8003350520983,#1f77b4,a
25.327146099979327,272.29375221315377,#1f77b4,a
53.778035260459944,280.6874734856591,#1f77b4,a
31.185777251561973,274.9128512237121,#1f77b4,a
46.55176559893583,262.88447569872505,#1f77b4,a
40.00864866402448,269.79250532364165,#1f77b4,a
50.15777479927527,281.1341164608445,#1f77b4,a
35.23613378623424,297.5321633381046,#1f77b4,a
32.566915121307225,289.7883598434852,#1f77b4,a
40.188116334501636,321.8595477032171,#1f77b4,a
29.3528158528826,321.7309666995478,#1f77b4,a
63.333440890447505,323.11257326246243,#1f77b4,a
48.312401314915505,316.3902129495483,#1f77b4,a
32.494137001664484,332.3836109727657,#1f77b4,a
62.251131873946434,343.96556815544363,#1f77b4,a
51.757105310046626,344.55634142281446,#1f77b4,a
49.7212414843446,340.86307262785976,#1f77b4,a
77.65391855401454,360.92093563302365,#1f77b4,a
60.76055251394901,373.3190894061768,#1f77b4,a
44.88792704742238,353.2154691275847,#1f77b4,a
60.63579053487019,392.94252694161054,#1f77b4,a
43.52154185644753,363.32353646699187,#1f77b4,a
46.03388473839952,395.2339956099148,#1f77b4,a
55.77143133585079,409.3964997059217,#1f77b4,a
46.97966504273995,399.897856900286,#1f77b4,a
78.09854670011629,392.2332526630457,#1f77b4,a
54.555281398913905,387.5427921002659,#1f77b4,a
66.18711788756505,390.52866304696255,#1f77b4,a
65.1823390782434,427.66476630907795,#1f77b4,a
55.32134641029252,402.50688789325136,#1f77b4,a
69.47251792067162,417.96306284622426,#1f77b4,a
57.09609174735463,421.0643641874519,#1f77b4,a
50.801210805318505,426.5049733984572,#1f77b4,a
50.131911602980956,424.78212813669654,#1f77b4,a
68.30288040080252,401.92649625521227,#1f77b4,a
52.44306517685749,429.64210450250295,#1f77b4,a
63.73206948916816,440.6697051875372,#1f77b4,a
90.13006103951234,432.4054702704,#1f77b4,a
89.22183607235185,425.49884624794186,#1f77b4,a
91.87758871219086,442.04953943798205,#1f77b4,a
86.47747015694809,424.99513290394054,#1f77b4,a
101.67704323548477,425.2451121175982,#1f77b4,a
105.3458534213996,418.5531460043707,#1f77b4,a
90.64280760214187,442.53602377575686,#1f77b4,a
92.65182817409782,424.27127209905996,#1f77b4,a
87.6752811240367,439.53895900281435,#1f77b4,a
116.27628567394511,432.97804369441974,#1f77b4,a
92.2862964495807,418.3207595507355,#1f77b4,a
103.71444532005196,424.0395163256746,#1f77b4,a
89.48695198612342,440.27922709566167,#1f77b4,a
123.66856557597006,413.4762616817479,#1f77b4,a
118.3816227984043,429.66697875849883,#1f77b4,a
130.9711679821255,443.41371647512346,#1f77b4,a
129.21647824202768,446.6386460112307,#1f77b4,a
134.07307544848683,424.0342163317697,#1f77b4,a
138.5226926115577,439.0397759092858,#1f77b4,a
148.70736226269523,435.33430224662106,#1f77b4,a
120.65454822260756,420.8919332072544,#1f77b4,a
139.06878850558684,407.6576464094054,#1f77b4,a
153.728021893849,411.2326129697731,#1f77b4,a
153.31339637617404,418.06737833473073,#1f77b4,a
150.78183855192748,434.52091678920215,#1f77b4,a
145.62927333807605,426.3201171660012,#1f77b4,a
159.49820208907468,411.9165128376609,#1f77b4,a
146.67301316472324,413.5353063235841,#1f77b4,a
131.0040601165214,411.9278605411009,#1f77b4,a
152.62278881147284,435.0316117134506,#1f77b4,a
142.80167294175104,405.39315253784486,#1f77b4,a
154.73958335468288,432.29039256592046,#1f77b4,a
168.4846554865479,410.097291673228,#1f77b4,a
161.07071475175664,407.6435544228923,#1f77b4,a
161.8123305692228,403.4744865730103,#1f77b4,a
134.00622820197924,410.1376803353709,#1f77b4,a
167.00424677515753,420.3082031993928,#1f77b4,a
170.45623814243325,415.91896509220624,#1f77b4,a
164.74425571692015,415.2695858365518,#1f77b4,a
161.89456790338187,428.1037459022284,#1f77b4,a
146.75962769192157,415.73572586957255,#1f77b4,a
156.27940808402508,432.6215490843129,#1f77b4,a
155.87631736837105,398.5063561807328,#1f77b4,a
137.81182482194686,412.97433444317835,#1f77b4,a
165.15393387821857,416.46736513257173,#1f77b4,a
156.3591348548756,414.77603408059616,#1f77b4,a
142.73408140096043,418.4524417748146,#1f77b4,a
142.98093477239672,400.4402829762213,#1f77b4,a
168.58602669934606,396.7713437749509,#1f77b4,a
154.2350986507815,406.0698835217828,#1f77b4,a
163.7790151826556,390.85699544071434,#1f77b4,a
177.32522907748736,392.4212647961448,#1f77b4,a
155.80045052730233,389.1596436507097,#1f77b4,a
172.27297526972126,408.22503718147436,#1f77b4,a
158.49060227213943,420.1504905442588,#1f77b4,a
173.40944306454955,402.07731314349337,#1f77b4,a
155.91260706139292,385.9142184108989,#1f77b4,a
156.34504945049514,372.9904515510984,#1f77b4,a
163.49038998851432,380.465535134984,#1f77b4,a
153.95929328764356,368.8043563811768,#1f77b4,a
155.05922068078948,373.1904066457494,#1f77b4,a
179.64472310455355,376.84504253232774,#1f77b4,a
170.3690697293912,373.1479124049955,#1f77b4,a
154.0763088938306,389.506420526639,#1f77b4,a
155.93371367254187,366.87246986164314,#1f77b4,a
159.15906756109388,361.73379642641976,#1f77b4,a
161.74690130846722,375.5262008667219,#1f77b4,a
164.03462526502858,373.3717083699691,#1f77b4,a
148.0294747167051,366.72503262057023,#1f77b4,a
162.47134967229118,386.34838398215743,#1f77b4,a
145.7469806633449,351.2819416750093,#1f77b4,a
166.24983514072102,349.17991684665117,#1f77b4,a
149.5808902283892,355.4940366415437,#1f77b4,a
160.9892849123095,376.2742474380442,#1f77b4,a
172.7761515529194,351.48817439034696,#1f77b4,a
185.13823586317224,344.3132201029971,#1f77b4,a
180.86090625302097,364.6380272787715,#1f77b4,a
146.28344585771362,370.8980433165609,#1f77b4,a
170.04337110536014,344.40302354341395,#1f77b4,a
155.31902891930946,357.68964274274174,#1f77b4,a
181.8598418319125,343.1768971712038,#1f77b4,a
174.6482182228944,337.1779225892835,#1f77b4,a
181.99453386750818,354.76244075270216,#1f77b4,a
157.38823816604167,323.71803767175726,#1f77b4,a
178.6028211320355,318.1685918407852,#1f77b4,a
164.02663546269434,336.3456301235365,#1f77b4,a
178.06989376053667,312.61961956881163,#1f77b4,a
147.52113098135172,320.22577489391176,#1f77b4,a
156.13454871655173,306.19339937213135,#1f77b4,a
181.83113501325136,308.4735166204629,#1f77b4,a
161.63631872501216,319.0717968710381,#1f77b4,a
180.81999091458576,306.15079377680297,#1f77b4,a
187.40474382775145,296.8992264543283,#1f77b4,a
183.87294666201015,319.37744730244754,#1f77b4,a
164.5055408898002,290.2528783384332,#1f77b4,a
160.01006001549277,306.2586823327331,#1f77b4,a
53.33949510046584,341.52076665233767,#1f77b4,a
83.20213409870007,352.7180267868857,#1f77b4,a
53.16883001482305,391.0892588473128,#1f77b4,a
56.72356713932383,402.15113391641546,#1f77b4,a
82.83876376255651,406.3651312017129,#1f77b4,a
64.47012860626886,424.24228738396914,#1f77b4,a
91.79662391624102,435.2527384242222,#1f77b4,a
97.42836514445264,443.26111607634596,#1f77b4,a
102.28459090198585,453.44353854120857,#1f77b4,a
107.7605602604489,421.742072045663,#1f77b4,a
85.50901724618254,457.26898053576485,#1f77b4,a
82.31034474830234,423.44858969362804,#1f77b4,a
109.77110327548061,430.20737949409613,#1f77b4,a
107.87519446184044,443.929060844704,#1f77b4,a
100.46233303328394,425.71368467176956,#1f77b4,a
84.77984507803139,440.20469337423293,#1f77b4,a
82.82265215677731,432.54560182463086,#1f77b4,a
125.75318178315916,449.93741777061683,#1f77b4,a
94.02066852301978,441.38367264577573,#1f77b4,a
112.02945952655497,439.7653332174967,#1f77b4,a
106.72319035641917,451.37061287840766,#1f77b4,a
124.51717859476054,433.67977436702023,#1f77b4,a
139.14716584014084,447.5120083562461,#1f77b4,a
143.54048903797425,430.87977442770836,#1f77b4,a
139.9410020489257,436.0796206758605,#1f77b4,a
127.28219635984061,432.7501886645055,#1f77b4,a
135.41703885283613,418.4046099720698,#1f77b4,a
129.5220661448826,412.560892855022,#1f77b4,a
150.07575164111267,420.68560003386,#1f77b4,a
140.3163717638714,439.1040228475874,#1f77b4,a
123.6053484439498,442.1200993738904,#1f77b4,a
154.16291136794695,430.1453281922476,#1f77b4,a
158.32350448180216,421.26236364547043,#1f77b4,a
147.99689249140633,410.6857159855149,#1f77b4,a
130.69194650111322,415.32705207721943,#1f77b4,a
137.45997081797196,431.9723531678646,#1f77b4,a
156.71147815793537,436.45529696599687,#1f77b4,a
129.59668231422094,426.5772770359623,#1f77b4,a
161.9132612674746,407.3447517369847,#1f77b4,a
161.57522252353002,430.2206275123417,#1f77b4,a
133.4006472435623,423.317634268755,#1f77b4,a
98.32151074540684,326.20974501005753,#1f77b4,a
69.06975508178373,304.3183999590784,#1f77b4,a
95.34882141947716,302.61646347582496,#1f77b4,a
80.11602038838743,320.14029589865896,#1f77b4,a
104.50865342269974,321.50277431219564,#1f77b4,a
93.14392923296612,331.4448520449549,#1f77b4,a
96.12588901762695,341.5829941347065,#1f77b4,a
84.41715844841116,335.19140102409773,#1f77b4,a
97.82107381047831,353.8747378516114,#1f77b4,a
84.94638830571681,347.56676073956277,#1f77b4,a
84.26284977790108,342.85412430998576,#1f77b4,a
98.62246815918976,350.4547768757341,#1f77b4,a
109.95611015623071,349.52782407680877,#1f77b4,a
82.63068456603625,341.52719785444924,#1f77b4,a
87.39203874876112,330.3745622762134,#1f77b4,a
102.81630732367493,332.74397937230015,#1f77b4,a
104.74164805115677,352.7602083878496,#1f77b4,a
112.44201123419937,358.06898485036686,#1f77b4,a
90.70635418021851,328.5015381409081,#1f77b4,a
102.51027599461368,335.75221690389765,#1f77b4,a
120.1823724337888,343.87525172440803,#1f77b4,a
124.90132455649652,351.8238788130767,#1f77b4,a
138.10321882073072,356.57504834480267,#1f77b4,a
119.75201299267636,332.00874630175963,#1f77b4,a
109.35078494088286,346.0053677770136,#1f77b4,a
119.25499129558146,341.71282671489627,#1f77b4,a
110.90837477997798,334.4944231992465,#1f77b4,a
119.65897569982407,365.21064474115684,#1f77b4,a
151.7270957595402,342.7794794382745,#1f77b4,a
138.15275020188423,341.24017039863384,#1f77b4,a
147.98257345245892,351.7731958399273,#1f77b4,a
137.12333845665404,361.1517783994219,#1f77b4,a
140.00580712183213,364.7837379406915,#1f77b4,a
122.35952534563125,343.2913997785308,#1f77b4,a
134.89938681119477,349.068244674767,#1f77b4,a
125.86417278530487,366.69647533023397,#1f77b4,a
158.04367220047504,363.5232620701059,#1f77b4,a
160.9759618908997,346.95183701696635,#1f77b4,a
124.3786087080674,335.0781722699313,#1f77b4,a
157.43172274084867,335.4519581021373,#1f77b4,a
142.82050899789516,341.2760587161531,#1f77b4,a
138.89691083360145,349.42250161032206,#1f77b4,a
126.760731993485,353.6245777648519,#1f77b4,a
121.09957031084677,338.8642939807032,#1f77b4,a
150.88256505166055,355.40266286411253,#1f77b4,a
122.87120146279916,362.9082525065304,#1f77b4,a
125.99015480094964,368.24927056358774,#1f77b4,a
135.32401383551897,346.16344146115097,#1f77b4,a
121.05935122716973,347.2057164765755,#1f77b4,a
114.99771485445378,334.75810202324664,#1f77b4,a
109.3224039658158,353.43600789944094,#1f77b4,a
113.14423935558258,360.4214999197969,#1f77b4,a
138.49541726065942,339.42556268081734,#1f77b4,a
127.95023151562197,329.4725811698868,#1f77b4,a
105.42597244980868,367.3828221391504,#1f77b4,a
129.95328864140134,341.44868528573534,#1f77b4,a
114.54962149611315,351.29095234858704,#1f77b4,a
97.49799535312866,361.9684325337495,#1f77b4,a
99.7373227633717,359.2728776109026,#1f77b4,a
109.79907789877915,357.54195695234284,#1f77b4,a
127.44480638582363,328.9565285152341,#1f77b4,a
110.90883180593609,355.2468852163349,#1f77b4,a
132.27367215999382,366.10850758450954,#1f77b4,a
120.99478057256789,331.92208923723274,#1f77b4,a
116.1654133196665,354.42451445248855,#1f77b4,a
117.84167768497613,339.10922556787216,#1f77b4,a
128.37369675097398,361.2610900669672,#1f77b4,a
109.10588420209044,329.1678649130117,#1f77b4,a
149.35034315830532,363.3656451456662,#1f77b4,a
137.00406610498123,363.19821049787845,#1f77b4,a
115.96045632076928,352.7870591482671,#1f77b4,a
120.48119685481299,353.1744709798931,#1f77b4,a
146.60178438291808,330.8726904495495,#1f77b4,a
129.44331886012205,342.4870381195229,#1f77b4,a
157.72057370013658,342.5214643817267,#1f77b4,a
159.14812952743748,343.0350161060056,#1f77b4,a
129.89102111055053,322.3749739960402,#1f77b4,a
137.6737908606786,355.8661464107512,#1f77b4,a
131.5599140084891,336.86549772067934,#1f77b4,a
157.6308821799523,331.94437465202435,#1f77b4,a
169.03703606069428,335.07479511043084,#1f77b4,a
144.14050408204233,342.12997831910565,#1f77b4,a
